CLV_C14_Caspase3-7	([DSTE][^P][^DEWHFYC]D[GSAN])	0.00309374	41	0	ELME000321
CLV_MEL_PAP_1	([ILV]..R[VF][GS].)	0.000105376	12	0	ELME000172
CLV_NRD_NRD_1	((.RK)|(RR[^KR]))	0.007464732	2	0	ELME000102
CLV_PCSK_FUR_1	(R.[RK]R.)	0.000508723	13	0	ELME000101
CLV_PCSK_KEX2_1	([KR]R.)	0.007973464	1	0	ELME000108
CLV_PCSK_PC1ET2_1	(KR.)	0.003902768	6	0	ELME000100
CLV_PCSK_PC7_1	(R...[KR]R.)	0.000508723	1	0	ELME000103
CLV_PCSK_SKI1_1	([RK].[AILMFV][LTKF].)	0.006820527	2	0	ELME000146
CLV_Separin_Fungi	(S[IVLMH]E[IVPFMLYAQR]GR.)	4.04544864497e-06	4	0	ELME000330
CLV_Separin_Metazoa	(E[IMPVL][MLVP]R.)	0.000341044	5	0	ELME000331
CLV_TASPASE1	(Q[MLVI]DG..[DE])	4.79125116289e-06	2	0	ELME000192
DEG_APCC_DBOX_1	(.R..L..[LIVM].)	0.000767697	18	3	ELME000231
DEG_APCC_KENBOX_2	(.KEN.)	0.000184312	16	1	ELME000232
DEG_APCC_TPR_1	(.[ILM]R$)	1.36072888014e-05	22	0	ELME000342
DEG_Cend_DCAF12_1	(..EE$)	1.41734492326e-05	6	1	ELME000560
DEG_Cend_FEM1AC_1	([RK].{1,2}R$)	2.8527597653e-05	0	0	ELME000553
DEG_Cend_FEM1B_2	(.L.R$)	8.34253950984e-06	2	2	ELME000554
DEG_Cend_KLHDC2_1	(...G[GA]$)	1.96077328086e-05	2	2	ELME000561
DEG_Cend_TRIM7_1	([^P][^P][FL]Q$)	7.5683184273e-06	6	5	ELME000557
DEG_COP1_1	([STDE]{1,3}.{0,2}[TSDE].{2,3}VP[STDE]G{0,1}[FLIMVYPA])	0.000390631	12	1	ELME000426
DEG_CRBN_cyclicCter_1	(...[NQ]$)	0.000161444	0	0	ELME000545
DEG_CRL4_CDT2_1	([NQ]{0,1}..[ILMV][ST][DEN][FY][FY].{2,3}[KR]{2,3}[^DE])	1.6237468954e-07	6	0	ELME000323
DEG_CRL4_CDT2_2	([NQ]{0,1}..[ILMV]T[DEN][HMFY][FMY].{2,3}[KR]{2,3}[^DE])	2.23694367959e-07	1	0	ELME000324
DEG_Kelch_actinfilin_1	([AP]P[MV][IM]V)	2.14841238984e-06	1	0	ELME000389
DEG_Kelch_Keap1_1	([DNS].[DES][TNS]GE)	5.95038132581e-05	13	4	ELME000390
DEG_Kelch_Keap1_2	(QD.DLGV)	3.48038934981e-08	1	1	ELME000391
DEG_Kelch_KLHL12_1	([PGA]PG[AG]PP)	2.22870975482e-06	11	2	ELME000536
DEG_Kelch_KLHL3_1	(E.EE.E[AV]DQH)	5.476943165e-10	4	0	ELME000392
DEG_MDM2_SWIB_1	(F[^P]{3}W[^P]{2,3}[VIL])	2.12465805842e-05	5	2	ELME000184
DEG_Nend_Nbox_1	(^M{0,1}[FYLIW][^P])	0.000230216	0	0	ELME000355
DEG_Nend_UBRbox_1	(^M{0,1}[RK][^P].)	0.000206359	0	0	ELME000351
DEG_Nend_UBRbox_2	(^M{0,1}([ED]).)	0.000253708	0	0	ELME000352
DEG_Nend_UBRbox_3	(^M{0,1}([NQ]).)	0.000164535	0	0	ELME000353
DEG_Nend_UBRbox_4	(^M{0,1}(C).)	1.76792442755e-05	8	0	ELME000354
DEG_ODPH_VHL_1	([IL]A(P).{6,8}[FLIVM].[FLIVM])	7.03776543919e-05	8	1	ELME000248
DEG_SCF_COI1_1	(..[RK][RK].SL..F[FLM].[RK]R[HRK].[RK].)	3.62558053796e-11	9	1	ELME000350
DEG_SCF_FBW7_1	([LIVMP].{0,2}(T)P..([ST]))	0.000713833	6	2	ELME000289
DEG_SCF_FBW7_2	([LIVMP].{0,2}(T)P..E)	0.000388223	2	0	ELME000292
DEG_SCF_FBXO31_1	(D[LVIM].[DAEN][VILM][^P][ILF]$)	6.44752974663e-08	3	1	ELME000512
DEG_SCF_SKP2-CKS1_1	(..[DE].(T)P.K)	4.77974163124e-05	3	1	ELME000322
DEG_SCF_TIR1_1	(.[VLIA][VLI]GWPP[VLI]...R.)	1.33629581466e-09	24	1	ELME000347
DEG_SCF_TRCP1_1	(D(S)G.{2,3}([ST]))	0.000126395	19	1	ELME000269
DEG_SIAH_1	(.P.A.V.P[^P])	2.71481907027e-05	9	2	ELME000241
DEG_SPOP_SBC_1	([AVP].[ST][ST][ST])	0.000937963	8	6	ELME000388
DOC_AGCK_PIF_1	(F..[FWY][ST][FY])	3.84269210321e-06	10	1	ELME000304
DOC_AGCK_PIF_2	(F..[FWY][DE][FY])	3.26727205222e-06	5	0	ELME000308
DOC_AGCK_PIF_3	(F..F$)	6.02956853309e-07	5	1	ELME000310
DOC_ANK_TNKS_1	(.R..[PGAV][DEIP]G.)	0.000353789	17	5	ELME000097
DOC_CDC14_PxL_1	([FYLIM]..[YVILA]P.L..)	0.000244556	10	2	ELME000485
DOC_CKS1_1	([MPVLIFWYQ].(T)P..)	0.001991464	8	1	ELME000358
DOC_CYCLIN_D_Helix_1	([FLV][^P][^P][KR]L[^P][^P][LMIV][^P][^P][^P]R)	6.56363867534e-06	3	0	ELME000486
DOC_CYCLIN_RevRxL_6	([EDST].{0,3}[FL].[ILV][^D][RK][^PD][^EDWNG]((.{0,3}[KRH])|.))	0.001957562	1	1	ELME000566
DOC_CYCLIN_RxL_1	((.|([KRH].{0,3}))[^EDWNSG][^D][RK][^D]L.{0,1}[FL].{0,3}[EDST])	0.001879282	31	7	ELME000106
DOC_CYCLIN_yClb1_LxF_4	((P.[KR]L.F)|(.N[KR]L.F)|(.N.L.F[LMIVFY]))	2.14906406261e-05	13	0	ELME000490
DOC_CYCLIN_yClb3_PxF_3	((PP..P.F)|(P..P.F..[KR]))	3.57949706041e-05	4	0	ELME000498
DOC_CYCLIN_yClb5_NLxxxL_5	(([ILVMF]...NL...L)|([KR].{0,2}NL...L))	0.000100896	5	0	ELME000506
DOC_CYCLIN_yCln2_LP_2	((L[MLIV]PP)|(((L[LMIV]PA)|(L..P))[ILMVAFYW].[MLIVFHPAY]))	0.000106992	18	0	ELME000491
DOC_GSK3_Axin_1	(V[ED]P[^P][RK]FA[^P]ELI[^P]RLE[^P][VIL])	7.23777053403e-16	6	1	ELME000386
DOC_MAPK_DCC_7	([RK].{2,4}[LIVP]P.[LIV].[LIVMF]|[RK].{2,4}[LIVP].P[LIV].[LIVMF])	0.000451252	11	2	ELME000433
DOC_MAPK_FxFP_2	(F.[FY]P)	5.62639552475e-05	15	1	ELME000234
DOC_MAPK_gen_1	([KR]{0,2}[KR].{0,2}[KR].{2,4}[ILVM].[ILVF])	0.0043238	15	0	ELME000233
DOC_MAPK_GRA24_9	([LIV][^P][^P][RK][RK]G.{3,6}[LIVP]P.[LIV].[LIVMF]|[LIV][^P][^P][RK][RK]G.{3,6}[LIVP].P[LIV].[LIVMF])	6.63556519394e-07	2	1	ELME000437
DOC_MAPK_HePTP_8	(([LIV][^P][^P][RK]....[LIVMP].[LIV].[LIVMF])|([LIV][^P][^P][RK][RK]G.{4,7}[LIVMP].[LIV].[LIVMF]))	0.000106573	10	3	ELME000434
DOC_MAPK_JIP1_4	([RK]P[^P][^P]L.[LIVMF])	0.000129287	29	2	ELME000422
DOC_MAPK_MEF2A_6	([RK].{2,4}[LIVMP].[LIV].[LIVMF])	0.00258382	27	2	ELME000432
DOC_MAPK_NFAT4_5	([RK][^P][^P][LIM].L.[LIVMF].)	0.000163458	17	1	ELME000423
DOC_MAPK_RevD_3	([LIVMPFA].[LIV].{1,2}[LIVMP].{4,6}[LIV]..[RK][RK])	0.000180483	6	3	ELME000411
DOC_MIT_MIM_1	(((F[^P][^P])|([DE].{0,2}))L[^P][^P]R[FL][^P][^P]L[KR]{0,2})	1.03482772941e-05	5	5	ELME000530
DOC_PIKK_1	([DEN][DEN].{2,3}[ILMVA][DEN][DEN]L)	3.1285695373e-05	4	0	ELME000320
DOC_PP1_MyPhoNE_1	(R[^P][DEQ]Q[VIL]([RK][^P]|[^P][RK])[YW])	4.40519655262e-07	9	1	ELME000374
DOC_PP1_RVXF_1	(..[RK].{0,1}[VIL][^P][FW].)	0.000830144	19	4	ELME000137
DOC_PP1_SILK_1	(.[GS]IL[KR][^DE])	3.77750556097e-05	14	1	ELME000360
DOC_PP2A_B56_1	(([LMFYWIC]..I.E)|(L..[IVLWC].E).)	0.00145814	18	2	ELME000425
DOC_PP2B_LxvP_1	(L.VP)	0.00031291	50	1	ELME000367
DOC_PP2B_PxIxIT_1	(P[^P][ILVF][^P][ILVF][TSHDEQNKR])	0.001129028	27	4	ELME000237
DOC_PP4_FxxP_1	(F..P)	0.001731199	15	0	ELME000477
DOC_PP4_MxPP_1	(M.PP)	0.00017028	2	0	ELME000476
DOC_PUB_PIM_1	(.D[LM]Y.)	6.54121611647e-05	2	2	ELME000562
DOC_RSK_DDVF_1	([DE][DE]VF)	1.61403023295e-05	5	1	ELME000570
DOC_SPAK_OSR1_1	(RF[^P][IV].)	7.67825867606e-05	13	1	ELME000300
DOC_TBK1_STING_1	([DE].P.[PST]L[RKHNQ][ST][DN])	8.1976453057e-07	5	2	ELME000572
DOC_USP7_MATH_1	([PA][^P][^FYWIL]S[^P])	0.012388499	10	6	ELME000239
DOC_USP7_MATH_2	(P.E[^P].S[^P])	0.000716871	1	1	ELME000240
DOC_USP7_UBL2_3	(K...K)	0.003741769	7	2	ELME000394
DOC_WD40_RPTOR_TOS_1	(F[EDQS][MILV][ED][MILV]((.{0,1}[ED])|($)))	2.07474503577e-05	5	0	ELME000246
DOC_WW_Pin1_4	(...([ST])P.)	0.015433213	96	1	ELME000136
LIG_14-3-3_CanoR_1	(R[^DE]{0,2}[^DEPG]([ST])(([FWYLMV].)|([^PRIKGN]P)|([^PRIKGN].{2,4}[VILMFWYP])))	0.004476673	65	16	ELME000417
LIG_14-3-3_ChREBP_3	(IR[^P][^P]N[^P][^P]WR[^P]W[YFH][ITML][^P]Y[IVL])	2.06353217068e-15	1	1	ELME000440
LIG_14-3-3_CterR_2	(R[^DE]{0,2}[^DEPG]([ST])[^P]{0,1}$)	6.4150324778e-05	6	1	ELME000418
LIG_ActinCP_CPI_1	(L.(([H].[TQVG])|([SC].N)|(D.R))..R[PAVT][KRHM][^DEN].{1,5}((R.)|(.[RK]))..[PAS][^P])	0.000725059	15	4	ELME000515
LIG_ActinCP_TwfCPI_2	(F.[KR]P..[PAS].{0,3}[RK])	2.94895465762e-05	4	3	ELME000516
LIG_Actin_RPEL_3	([IL]..[^P][^P][^P][^P]R.....[IL]..[^P][^P][ILV][ILM])	6.11604604996e-06	13	3	ELME000314
LIG_Actin_WH2_1	(R..[ILVMF][ILMVF][^P][^P][ILVM].{4,7}L(([KR].)|(NK))[VATI])	2.20904816494e-06	9	4	ELME000311
LIG_Actin_WH2_2	([^R]..((.[ILMVF])|([ILMVF].))[^P][^P][ILVM].{4,7}L(([KR].)|(NK))[VATIGS])	0.000660305	17	2	ELME000313
LIG_ANK_PxLPxL_1	(P.LP.[IL].{1,3}[VLF])	2.67020539666e-05	10	5	ELME000412
LIG_AP2alpha_1	(F.D.F)	1.69021908235e-05	11	2	ELME000124
LIG_AP2alpha_2	(DP[FW])	0.000119206	54	2	ELME000190
LIG_APCC_ABBA_1	([ILVMF].[ILMVP][FHY].[DE])	0.000384251	11	1	ELME000435
LIG_APCC_ABBAyCdc20_2	([KR]..[ILVM][FHY].[DE])	0.000166859	2	0	ELME000436
LIG_APCC_Cbox_1	([DE]R[YFH][ILFVM][PAG].R)	1.46502719708e-06	2	0	ELME000348
LIG_APCC_Cbox_2	(DR[YFH][ILFVM][PA]..)	5.75117035917e-06	3	0	ELME000349
LIG_AP_GAE_1	([DE][DES][DEGAS]F[SGAD][DEAP][LVIMFD])	5.27945465976e-06	11	0	ELME000107
LIG_Arc_Nlobe_1	([^P][P]G{0,1}[^P][YFH][^P])	0.004385184	11	4	ELME000534
LIG_ARL_BART_1	(^..LL[^P]IL[^P][^P][LM])	1.291508196e-09	2	2	ELME000468
LIG_ARS2_EDGEI_1	(E[ED]G[EQ][ILVM].{0,2}[DE])	9.15406741603e-06	21	1	ELME000549
LIG_BH_BH3_1	(....[LIFVYMTE][ASGC][^P]{2}L[^P]{2}[IVMTL][GACS][D][^P][FVLMI].)	2.17453412638e-06	19	8	ELME000427
LIG_BIR_II_1	(^M{0,1}[AS]...)	0.000325202	0	0	ELME000285
LIG_BIR_III_1	(^M{0,1}A.P.)	1.2765510347e-05	1	0	ELME000279
LIG_BIR_III_2	(DA.P.)	0.000351121	3	1	ELME000287
LIG_BIR_III_3	(^M{0,1}A.[AP].)	2.28175527215e-05	4	3	ELME000288
LIG_BIR_III_4	(DA.G.)	0.000275376	2	0	ELME000293
LIG_BRCT_BRCA1_1	(.(S)..F)	0.001911521	5	3	ELME000197
LIG_BRCT_BRCA1_2	(.(S)..F.K)	0.000116928	1	1	ELME000198
LIG_BRCT_MDC1_1	(.(S)..Y$)	2.63389405903e-06	1	1	ELME000199
LIG_CaM_IQ_9	([ACLIVTM][^P][^P][ILVMFCT]Q[^P][^P][^P][RK][^P]{4,5}[RKQ][^P][^P])	6.36805761296e-05	75	10	ELME000134
LIG_CaMK_CASK_1	([STED].{0,2}[IV]W[IVLM].[RHK])	1.11776693962e-05	7	3	ELME000357
LIG_CaM_NSCaTE_8	(W[^P][^P][^P][IL][^P][AGS][AT])	1.55723335683e-05	3	0	ELME000406
LIG_CAP-Gly_1	([ED].{0,2}[ED].{0,2}[EDQ].{0,1}[YF]$)	3.96302779853e-06	3	3	ELME000236
LIG_CAP-Gly_2	(.W[RK][DE]GCY$)	2.16114905546e-12	1	1	ELME000325
LIG_Clathr_ClatBox_1	(L[IVLMF].[IVLMF][DE])	0.000340551	18	3	ELME000047
LIG_Clathr_ClatBox_2	(.[NP]W[DES].W)	1.46283056858e-06	2	1	ELME000186
LIG_CNOT1_NIM_1	([FY][^P].[WFY][^P]DY..L)	5.4374923451e-08	10	1	ELME000375
LIG_CORNRBOX	(L[^P]{2,2}[HI]I[^P]{2,2}[IAV][IL])	1.02717778686e-06	4	3	ELME000046
LIG_CSK_EPIYA_1	(EP[IL]Y[TAG])	2.46761307667e-06	20	0	ELME000424
LIG_CSL_BTD_1	([AFILMPTVW]W[FHILMPSTVW]P)	0.000127843	18	2	ELME000410
LIG_CtBP_PxDLS_1	((P[LVIPME][DENS][LM][VASTRG])|(G[LVIPME][DENS][LM][VASTRG]((K)|(.[KR]))))	0.000117291	32	0	ELME000098
LIG_CtBP_RRT_2	([RG]RT[GSAT].PP..)	1.45138549449e-06	5	0	ELME000569
LIG_DCNL_PONY_1	(^M[MIL].[MIL])	4.86917300286e-07	2	0	ELME000396
LIG_deltaCOP1_diTrp_1	([DE]{1,3}.{0,2}W.{1,6}[WF])	0.000501108	5	2	ELME000459
LIG_DLG_GKlike_1	((R..(S)[YFLM][^P][^P][L])|(R..(S)[YFLM][^P][^P][ASG][LMVIQT]))	9.78069710258e-05	14	4	ELME000500
LIG_Dynein_DLC8_1	([^P].[KR].TQT)	2.26342256988e-05	9	4	ELME000121
LIG_EABR_CEP55_1	(.A.GPP.{2,3}Y.)	1.38098008762e-06	6	1	ELME000338
LIG_EF_ALG2_ABM_1	(P[PG]{0,1}YP.{1,6}Y[QS]{0,1}P)	1.3639310454e-06	9	1	ELME000372
LIG_EF_ALG2_ABM_2	(P.P.{0,1}GF)	2.41458395946e-05	3	0	ELME000373
LIG_EH_1	(.NPF.)	5.86028045872e-05	88	3	ELME000056
LIG_EH1_1	(.[FYH].[IVM][^WFYP][^WFYP][ILM][ILMV].)	7.85797550811e-05	11	1	ELME000148
LIG_eIF4E_1	(Y....L[VILMF])	0.000189128	13	0	ELME000317
LIG_eIF4E_2	(Y.PP.[ILMV]R)	1.32065727024e-06	5	0	ELME000319
LIG_EVH1_1	(([FYWL]P.PP)|([FYWL]PP[ALIVTFY]P))	0.000123675	19	3	ELME000057
LIG_EVH1_2	(PP..F)	0.000163247	8	1	ELME000058
LIG_EVH1_3	([FY].[FW].....[LMVIF]P.P[DE])	1.85499091195e-07	3	1	ELME000315
LIG_FAT_LD_1	([LV][DE][^P][LM][LM][^P][^P]L[^P])	6.90047874551e-06	4	2	ELME000125
LIG_FERM_MyoX_1	(L...M[^P][^P]L[^P][^P]LM[^P][QD]L[^P][^P]I[TA])	2.01237689862e-12	4	2	ELME000555
LIG_FHA_1	(..(T)..[ILV].)	0.008662243	6	3	ELME000052
LIG_FHA_2	(..(T)..[DE].)	0.008286441	6	2	ELME000220
LIG_FXI_DFP_1	([FYWHIL].DF[PD])	2.19691899426e-05	5	2	ELME000452
LIG_FZD_DVL_PDZ	(W.{0,1}[VIL].[ST].KA{0,1}T...W)	8.74268845331e-09	9	0	ELME000398
LIG_G3BP_FGDF_1	([FYLIMV].FG[DES]F)	1.19535010484e-06	9	0	ELME000409
LIG_GBD_Chelix_1	([ILV][VA][^P][^P][LI][^P][^P][^P][LM])	9.79156183118e-05	12	3	ELME000441
LIG_GLEBS_BUB3_1	([EN][FYLW][NSQ].EE[ILMVF][^P][LIVMFA])	9.06911046768e-07	5	2	ELME000255
LIG_GSK3_LRP6_1	((([CP]PP)|(PP[TP]))[ST]P[^P][TS]{0,1})	3.72917026919e-05	8	0	ELME000407
LIG_GYF	([QHR].{0,1}P[PL]PP[GS]H[RH])	1.68555681301e-08	3	1	ELME000116
LIG_HCF-1_HBM_1	([DE]H.Y)	5.073861324e-05	17	0	ELME000302
LIG_HOMEOBOX	([FY][DEP]WM)	9.95281406031e-07	16	1	ELME000170
LIG_HP1_1	(P[MVLIRWY]V[MVLIAS][LM])	3.37814005621e-05	9	1	ELME000141
LIG_IBAR_NPY_1	(NPY)	4.51387471903e-05	7	1	ELME000446
LIG_Integrin_collagen_1	(G[FLMR](P)GE[RKNA])	1.86608162603e-06	7	4	ELME000129
LIG_Integrin_isoDGR_2	(NGR)	0.000159725	8	0	ELME000316
LIG_Integrin_KxxGD_FGGC_5	(K.[AV]GD.$)	4.85578146649e-08	5	1	ELME000522
LIG_Integrin_RGD_1	(RGD)	0.000236617	25	2	ELME000094
LIG_Integrin_RGDSP_6	(RGDSP{0,1})	2.69595095954e-05	6	1	ELME000573
LIG_Integrin_RGD_TGFB_3	(RGDL[^P][^P][LI])	1.41969866046e-06	5	4	ELME000514
LIG_Integrin_RGDW_4	([RK]GDW)	3.17479574732e-06	18	0	ELME000520
LIG_IRF7_LxLS_2	([VILPFYM].{1,3}L.L(S))	0.000486313	1	0	ELME000550
LIG_IRFs_LxIS_1	([VILPFYM].{1,3}L.I(S))	0.000179487	9	6	ELME000439
LIG_KEPE_1	([VILMFT]K.EP.[DE])	1.73278519416e-05	5	0	ELME000250
LIG_KEPE_2	([VILMFT]K.EP.{2,3}[DE])	3.46557038832e-05	12	0	ELME000251
LIG_KEPE_3	([VILMFT]K.EP....[DE])	1.73278519416e-05	4	0	ELME000252
LIG_KLC1_WD_1	([LMTAFSRI][^KRG]W[DE].{3,5}[LIVMFPA])	0.000353763	22	1	ELME000408
LIG_KLC1_Yacidic_2	([ED].{0,1}[IYVLMTF]Y[LIV][DE])	2.04486796104e-05	3	2	ELME000484
LIG_LEDGF_IBM_1	([LFVIM].{2,3}[LIVCYFM][FW].{3,35}[EDST].{0,1}[EDST].{0,1}F[^G]GF)	5.33113742113e-07	9	3	ELME000533
LIG_LIR_Apic_2	([EDST].{0,2}[WFY]..P)	0.003370964	1	1	ELME000369
LIG_LIR_Gen_1	([EDST].{0,2}[WFY][^RKPGWFY][^PG][ILVFM]((.{0,4}[PLAFIVMY])|($)|(.{0,3}[ED])))	0.003631179	54	26	ELME000368
LIG_LIR_LC3C_4	([EDST].{0,2}LVV)	0.000136861	1	1	ELME000371
LIG_LIR_Nem_3	([EDST].{0,2}[WFY]..[ILVFY])	0.006362102	11	1	ELME000370
LIG_LRP6_Inhibitor_1	(([VILA]..N.I[RK])|([VILA].PN.IG.{0,6}[RK]))	2.6299699204e-05	3	2	ELME000397
LIG_LSD1_SNAG_1	(^M{0,1}PR.FLV[KR]K{0,1}.)	8.86190825438e-11	11	1	ELME000492
LIG_LYPXL_L_2	([ILVM]YP...[ILVM][^P][^P][LI])	2.96627568006e-06	4	3	ELME000299
LIG_LYPXL_S_1	([ILVMF]YP.[ILVMF])	4.46453005616e-05	19	1	ELME000294
LIG_LYPXL_SIV_4	([PA]Y..[AV][^P]{3}L)	1.54867101608e-05	3	2	ELME000513
LIG_LYPXL_yS_3	(YP.[ILVM])	0.000219512	2	0	ELME000508
LIG_MAD2	([KR][IV][LV].....P)	0.000101063	6	1	ELME000167
LIG_Menin_MBM1_1	(...[RK][^DE]{0,2}FP[GA][^DE]P)	6.77235572175e-06	4	2	ELME000532
LIG_MLH1_MIPbox_1	(.S.[FY][F])	6.21244234325e-05	6	2	ELME000460
LIG_MSH2_SHIPbox_1	([LIVMFWYTA].{2,3}[LI][^P]{2,3}[FY].[FYW])	0.000135147	10	0	ELME000552
LIG_MTR4_AIM_1	([FYW][^P][VILTM]D.(([^P][GPAS])|G))	0.000155402	8	4	ELME000551
LIG_Mtr4_Air2_1	(GRYFG)	9.05938089572e-08	3	1	ELME000385
LIG_Mtr4_Trf4_1	([LFVAIMW].{3,5}[DE][FY][IL][SAPGK][FL].{3,6}[DE]{3})	1.44135983372e-07	4	1	ELME000383
LIG_Mtr4_Trf4_2	(Q[RGQ]DF[LI][PS]L[DE])	2.03587421375e-09	3	0	ELME000384
LIG_MYND_1	(P.L.P)	0.000649937	6	0	ELME000145
LIG_MYND_2	(PP.LI)	1.75333616771e-05	3	1	ELME000340
LIG_MYND_3	([LMV]P.LE)	8.4443906863e-05	2	0	ELME000341
LIG_NBox_RRM_1	(F..A[ILV]..A..[ILV])	2.14199246297e-06	2	1	ELME000346
LIG_NRBOX	([^P]L[^P][^P]LL[^P])	0.000262765	24	5	ELME000045
LIG_Nrd1CID_NIM_1	([ED].{0,3}[DN][DEGPA]Y.[PL]..)	4.22402817744e-05	5	4	ELME000387
LIG_NRP_CendR_1	([RK].{0,2}R$)	4.27913964794e-05	12	4	ELME000493
LIG_OCRL_FandH_1	(.F[^P][^P][KRIL]H[^P][^P][YLMFH][^P]...)	9.77240676559e-06	3	1	ELME000326
LIG_PALB2_WD40_1	(....WF..L)	9.19211355095e-06	1	1	ELME000413
LIG_PAM2_1	(..[LFP][NS][PIVTAFL].A..(([FY].[PYLF])|(W..)).)	9.95389535837e-06	22	6	ELME000303
LIG_PAM2_2	(((WPP)|([FL][PV][APQ]))EF.PG.PWKG.)	9.77274730646e-14	4	1	ELME000339
LIG_PCNA_APIM_2	([MLIV].[KR][FY][MLIVF][LIV][KR])	2.22411935838e-06	2	1	ELME000475
LIG_PCNA_PIPBox_1	([QM].[^FHWY][LIVM][^P][^PFWYMLIV](([FYHL][FYW])|([FYH][FYWL]))..)	8.6625618785e-05	19	10	ELME000140
LIG_PCNA_TLS_4	([KR]..[ILM](([DE][^P][FY][FLI])|([G][^P][FY][FLI].{0,1}[KR])))	8.18769621047e-06	3	2	ELME000483
LIG_PCNA_yPIPBox_3	(([KR].{0,6}[QN].[^FHWY][LIVM][^P][^PFWYMLIV][FYLMWV][FYLMWVI])|([QN].[^FHWY][LIVM][^P][^PFWYMLIV][FYLMWV][FYLMWVI].{0,6}[KR]))	0.00055754	12	2	ELME000482
LIG_PDZ_Class_1	(...[ST].[ACVILF]$)	7.25453204794e-05	52	24	ELME000086
LIG_PDZ_Class_2	(...[VLIFY].[ACVILF]$)	7.88851572129e-05	13	8	ELME000091
LIG_PDZ_Class_3	(...[DE].[ACVILF]$)	6.16820946762e-05	1	1	ELME000089
LIG_PDZ_Wminus1_1	(.W[ACGILV]$)	3.71755259392e-06	27	3	ELME000451
LIG_Pex14_1	(W...[FY])	0.000222625	27	1	ELME000080
LIG_Pex14_2	(F...[WF])	0.000462812	2	0	ELME000328
LIG_Pex14_3	(LV.EF[LM])	5.00205191734e-07	1	1	ELME000377
LIG_Pex14_4	(MM[NDE][EDNAG]F[LMA])	6.22956325844e-08	0	0	ELME000378
LIG_Pex3_1	(L..LL...L..F)	5.24025198162e-07	1	0	ELME000329
LIG_PROFILIN_1	(PPP[PA]P((P[LGP])|([LG]P)))	4.88078336316e-07	16	4	ELME000445
LIG_PTAP_UEV_1	(.P[TS]AP.)	0.000108061	28	2	ELME000099
LIG_PTB_Apo_2	((.[^P].NP.[FY].)|(.[ILVMFY].N..[FY].))	0.000310821	19	7	ELME000122
LIG_PTB_Phospho_1	((.[^P].NP.(Y))|(.[ILVMFY].N..(Y)))	0.000135241	17	6	ELME000095
LIG_RBL1_LxSxE_2	([DE].{0,4}L.S.E.[MLIVAYFWP].{2,4}(S))	5.48437711494e-05	1	1	ELME000563
LIG_RB_LxCxE_1	(([DEST]|^).{0,4}[LI].C.E.{1,4}[FLMIVAWPHY].{0,8}([DEST]|$))	0.000541725	48	12	ELME000007
LIG_RB_pABgroove_1	(..[LIMVA].[DE][LMF][FYM][IL]{0,1}([DE]|(S)).)	5.08192326567e-05	7	4	ELME000301
LIG_REV1ctd_RIR_1	(..FF[^P]{0,2}[KR]{1,2}[^P]{0,4})	0.000535018	10	4	ELME000450
LIG_RPA_C_Fungi	([^P][MIALVF][^P][^P][NSHRA]R[^P][^P][ASV][^P][^P][RKLIA][RQLIVA])	5.63720331125e-05	1	0	ELME000382
LIG_RPA_C_Insects	([^P][MIAL][^P][^P][NKS][KRLQH][^P][^P]A[^P][^P][RKLI][RKL][^P][^P][KR])	1.83137975518e-06	0	0	ELME000381
LIG_RPA_C_Plants	(R[MIVAS][^P][^P][NQ][KRL][^P][^P]A[^P][^P][RK])	1.57655918807e-06	0	0	ELME000380
LIG_RPA_C_Vert	([KRS]I[^P][^P][NK][KR][^P][^P]A[^P][^P][RKL][RKL][^P][^P][RK])	1.20963676014e-08	4	2	ELME000379
LIG_RRM_PRI_1	(.[ILVM]LG..P.)	8.39114380548e-05	3	0	ELME000235
LIG_Rrp6Rrp47_Mtr4_1	([ED]LF[^P][VC]F.{0,1}[ED])	4.76129511272e-08	5	1	ELME000420
LIG_RuBisCO_WRxxL_1	([ILVATSRK][^EDN].[NDS]W[RK][^P][^P][LIVAPS])	2.32215803244e-05	20	2	ELME000521
LIG_SH2_CRK	((Y)[^EPILVFYW][^HDEW][PLIV][^DEW])	0.00151526	36	1	ELME000458
LIG_SH2_GRB2like	((Y)([EDST]|[MLIVAFYHQW])N.)	0.000317478	35	10	ELME000084
LIG_SH2_NCK_1	(([^KR][^KR](Y)[DE][^GWFY][AI][SDENQTAGYFP])|([^KR][^KR](Y)[STNA][^GWFY][PV][SDENQTAGYFP])|(..Y[DE][^GWFY][PV][SDENQTAGYFP]))	0.000333856	17	1	ELME000474
LIG_SH2_PTP2	((Y)[IV].[VILP])	0.000245393	1	0	ELME000083
LIG_SH2_SFK_2	([^KR][^KR](Y)([DEVYI][^KRH][ILVF]|[DEVYI][^KRH][AQPMCW]|[NQSTAFL][^KRH][ILVF])((.{0,3}[DE])|.|$))	0.000880816	20	5	ELME000081
LIG_SH2_SFK_CTail_3	(((Y)QPG[ED])|((Y)Q.QP$))	8.97136389021e-09	4	4	ELME000571
LIG_SH2_STAP1	((Y)[DESTA][^GP][^GP][ILVFMWYA])	0.001026321	22	1	ELME000465
LIG_SH2_STAT3	((Y)..Q)	0.000797496	9	0	ELME000163
LIG_SH2_STAT5	((Y)[VLTFIC]..)	0.003295871	19	0	ELME000182
LIG_SH2_STAT6	(G(Y)[KQ].F)	2.25724358665e-06	1	0	ELME000183
LIG_SH3_1	([RKY]..P..P)	0.001236982	8	0	ELME000005
LIG_SH3_2	(P..P.[KR])	0.001111242	19	6	ELME000006
LIG_SH3_3	(...[PV]..P)	0.013172914	26	1	ELME000155
LIG_SH3_4	(KP..[QK]...)	0.000678138	2	0	ELME000156
LIG_SH3_CIN85_PxpxPR_1	(P.[AP].PR)	9.56222155299e-05	60	4	ELME000501
LIG_SH3_PxRPPK_7	([PAVL]P[PEQA][RL]PPK[^DE])	5.44700472249e-07	7	1	ELME000565
LIG_SH3_PxxDY_5	(P..DY)	6.68687115699e-05	7	2	ELME000157
LIG_SH3_PxxPPRxxK_8	([PAVLI]P.[LVI]PP[RK][^P][^P][KR])	4.90698966032e-07	6	1	ELME000567
LIG_SH3_PxxxRxxKP_6	(P.[VIF][DNH]R[^P][^P]KP)	2.83559500129e-07	16	3	ELME000564
LIG_Sin3_1	([LIV]..[LM]L.AA.[FY][LI])	1.75871282322e-08	4	2	ELME000021
LIG_Sin3_2	([FHYM].A[AV].[VAC]L[MV].[MI])	1.93664158271e-08	3	0	ELME000022
LIG_Sin3_3	([FA].[LA][LV][LVI]..[AM])	2.19697908462e-05	2	0	ELME000041
LIG_SPRY_1	([ED][LIV]NNN[^P])	7.11177466083e-07	2	2	ELME000327
LIG_SUFU_1	([SV][CY]GH[LIF][LAST][GAIV].)	5.52192297662e-08	5	2	ELME000359
LIG_SUMO_SIM_anti_2	([DEST]{1,10}.{0,1}[VIL][DESTVILMA][VIL][VILM].[DEST]{0,5})	0.002349493	17	2	ELME000335
LIG_SUMO_SIM_par_1	([DEST]{0,5}.[VILPTM][VIL][DESTVILMA][VIL].{0,1}[DEST]{1,10})	0.004545201	33	4	ELME000333
LIG_SxIP_EBH_1	(([KR][^ED]{0,5}[ST].IP[^ED]{5,5})|([^ED]{5,5}[ST].IP[^ED]{0,5}[KR]))	0.000209646	9	1	ELME000254
LIG_TPR	(EEVD$)	3.22676097674e-08	9	2	ELME000130
LIG_TRAF2like_MATH_loPxQ_2	([PM][LIVTFYHQE][QS].(([DE].)|(.[DE])))	0.002071376	5	5	ELME000118
LIG_TRAF2like_MATH_shPxQ_1	(P[LIVTFYHQE]Q[DET])	0.000431884	13	4	ELME000117
LIG_TRAF3_MATH_PxP_3	(P[ILVT]P(([ED][^P].)|(.[^P][ED])))	0.000459522	2	2	ELME000558
LIG_TRAF4_MATH_1	(RL[^P].R)	0.000269482	3	1	ELME000531
LIG_TRAF6_MATH_1	(..P[^P]E[^P].[FYWHDE].)	0.001406574	34	5	ELME000133
LIG_Trf4_IWRxY_1	([IVL]WR.Y)	8.99032599644e-07	4	1	ELME000556
LIG_TRFH_1	([FY].L.P)	0.000224005	3	2	ELME000249
LIG_TYR_ITAM	([DEN]..(Y)..[LI].{6,12}(Y)..[LI])	2.42512863715e-06	7	1	ELME000017
LIG_TYR_ITIM	([ILV].(Y)..[ILV])	0.000299241	7	0	ELME000020
LIG_TYR_ITSM	(..T.(Y)..[IV])	6.09445094958e-05	12	0	ELME000142
LIG_UBA3_1	([ILM][ILMF].{1,2}[ILM].{0,4}K)	0.001196159	2	0	ELME000395
LIG_UFM1_UFIM_1	([ND].WGI.[LIV][VMLI].{0,1}[ED])	7.65084312239e-09	1	1	ELME000419
LIG_ULM_U2AF65_1	([KR]{1,4}[KR].[KR]W.)	1.52756899464e-05	8	3	ELME000201
LIG_VCP_SHPBox_1	(.((F.)|(W))G.G[^P].L.)	9.12748936466e-06	17	2	ELME000544
LIG_VCP_VBM_3	([ILMV]R[^PG]{2}R[^PG]{3}[FL][ED])	3.39471668943e-06	3	1	ELME000537
LIG_VCP_VIM_2	([RKQ][^P]{1,3}[AG][^P]AA[^P]{1,2}R[^P])	3.3053227057e-05	9	1	ELME000543
LIG_Vh1_VBS_1	([VMILF][MILVFYHPA][^P][TASKHCV][AVSC][^P][^P][ILVMT][^P][^P][^P][LMTVI][^P][^P][LMVCT][ILVMCA][^P][^P][AIVLMTC])	1.87903256756e-06	15	10	ELME000438
LIG_WD40_WDR5_VDV_1	([ED].{0,3}[VIL]D[VI])	0.000293885	3	3	ELME000364
LIG_WD40_WDR5_VDV_2	([EDSTY].{0,4}[VIPLA][TSDEKR][ILVA])	0.04677863	2	0	ELME000365
LIG_WD40_WDR5_WIN_1	([SCA]AR[STCA][EQR][PGILVM][HYFQNKRLVI])	6.43703011459e-06	7	7	ELME000361
LIG_WD40_WDR5_WIN_2	([STCA][CSAGV]R[STCAV][EQR][PGALV][LFYHRK])	2.75521053323e-05	4	1	ELME000362
LIG_WD40_WDR5_WIN_3	([SCA][AFWHSV][KR][TAS][DEQR][GP][RKYFWIVAM]..[IVM])	2.02566091701e-06	3	0	ELME000363
LIG_WH1	(ES[RK][FY].F[HR][PST][IVLM][DES][DE])	8.90031803225e-11	3	0	ELME000119
LIG_WRC_WIRS_1	([FYILMV].[TS]F(G|[^P]).)	0.000580243	22	0	ELME000507
LIG_WRPW_1	([WFY]RP[WFY].{0,7}$)	1.33321386458e-07	20	0	ELME000104
LIG_WRPW_2	([WFY][KR]P[WFY])	1.82473612356e-05	2	0	ELME000105
LIG_WW_1	(PP.Y)	0.000125741	29	3	ELME000003
LIG_WW_2	(PPLP)	6.12871485362e-05	3	0	ELME000004
LIG_WW_3	(.PPR.)	0.000567323	1	0	ELME000135
MOD_AAK1BIKe_LxxQxTG_1	([LIVM][^D][^DEHYWF]Q.(T)G)	3.09003789907e-05	17	0	ELME000559
MOD_ASX_betaOH_EGF	(C.([DN]).{4,4}[FY].C.C)	2.48922694489e-09	6	0	ELME000096
MOD_CAAXbox	((C)[^DENQ][LIVMF].$)	2.44596097506e-06	17	2	ELME000059
MOD_CDC14_SPxK_1	((S)P.[KR])	0.001226989	48	0	ELME000529
MOD_CDK_SPK_2	(...([ST])P[RK])	0.001928719	18	0	ELME000429
MOD_CDK_SPxK_1	(...([ST])P.[KR])	0.001928719	26	1	ELME000153
MOD_CDK_SPxxK_3	(...([ST])P..[RK])	0.001928719	25	0	ELME000428
MOD_CK1_1	(S..([ST])...)	0.01704074	27	0	ELME000063
MOD_CK2_1	(...([ST])..E)	0.014568074	34	0	ELME000064
MOD_CMANNOS	((W)..W)	4.69225e-05	24	0	ELME000160
MOD_Cter_Amidation	((.)G[RK][RK])	0.001155029	0	0	ELME000093
MOD_DYRK1A_RPxSP_1	(R[PSVA].([ST])P)	0.000313192	22	1	ELME000461
MOD_GlcNHglycan	([ED]{0,3}.(S)[GA].)	0.017919063	6	0	ELME000085
MOD_GSK3_1	(...([ST])...[ST])	0.02678656	22	0	ELME000053
MOD_LATS_1	(H.[KR]..([ST])[^P])	0.000477646	23	0	ELME000334
MOD_LOK_YxT_1	([KR][YF][^IVEDPGAC](T)[LMIVWFY][RKH])	3.98815256447e-06	5	0	ELME000547
MOD_NEK2_1	([FLM][^PVIED][^PVID]([ST])[MLIVF][RKH].)	0.000271468	2	0	ELME000336
MOD_NEK2_2	([FLMW][^P][^P]([ST])[^PDEGAN][RKH].)	0.001389427	0	0	ELME000337
MOD_N-GLC_1	(.(N)[^P][ST]..)	0.005017817	156	1	ELME000070
MOD_N-GLC_2	((N)[^P]C)	0.000297299	5	0	ELME000079
MOD_NMyristoyl	(^M{0,1}(G)[^EDRKHPFYW]..[STAGCN][^P])	2.50192821739e-05	50	7	ELME000060
MOD_OFUCOSY	(C.{3,5}([ST])C)	4.61694301554e-05	4	0	ELME000162
MOD_OGLYCOS	(C.(S).PC)	9.23214582482e-07	2	0	ELME000161
MOD_PIKK_1	(...([ST])Q..)	0.009230108	48	0	ELME000202
MOD_PK_1	([RK]..(S)[VI]..)	0.000941754	1	0	ELME000065
MOD_PKA_1	([RK][RK].([ST])[^P]..)	0.002315095	25	0	ELME000008
MOD_PKA_2	(.R.([ST])[^P]..)	0.009457527	28	0	ELME000062
MOD_PKB_1	(R.R..([ST])[^P]..)	0.000603409	20	1	ELME000061
MOD_Plk_1	(.[DNE][^PG][ST](([FYILMVW]..)|([^PEDGKN][FWYLIVM]).))	0.007674342	44	0	ELME000442
MOD_Plk_2-3	([DE]..([ST])[EDILMVFWY](([DE].)|(.[DE])))	0.002175002	3	0	ELME000443
MOD_Plk_4	(..[^IRFW]([ST])[ILMVFWY][ILMVFWY].)	0.006019272	7	0	ELME000444
MOD_PRMT_GGRGG_1	(GGRGG)	1.9085540269e-06	24	0	ELME000447
MOD_ProDKin_1	(...([ST])P..)	0.015433213	38	0	ELME000159
MOD_SPalmitoyl_2	(G(C)M[GS][CL][KP]C)	3.05230357884e-10	2	0	ELME000175
MOD_SPalmitoyl_4	(^M{0,1}G(C)..S[AKS])	3.26094067204e-08	6	0	ELME000168
MOD_SUMO_for_1	([VILMAFP](K).E)	0.001914001	46	1	ELME000002
MOD_SUMO_rev_2	([SDE].{0,5}[DE].(K).{0,1}[AIFLMPSTV])	0.012802646	20	0	ELME000393
MOD_TYR_CSK	([TAD][EA].Q(Y)[QE].[GQA][PEDLS])	2.92617843803e-07	12	0	ELME000013
MOD_TYR_DYR	(..[RKTC][IVL]Y[TQHS](Y)[IL]QSR)	5.20709297784e-11	9	0	ELME000092
MOD_WntLipid	([ETA](C)[QERK]..F...RWNC[ST])	2.51818848539e-13	1	0	ELME000152
TRG_AP2beta_CARGO_1	([DE].{1,2}F[^P][^P][FL][^P][^P][^P]R)	1.81693308253e-05	4	2	ELME000247
TRG_Cilium_Arf4_1	(QV.P.$)	4.31897466925e-07	1	0	ELME000256
TRG_Cilium_RVxP_2	(RV.P.)	0.000273136	2	0	ELME000259
TRG_DiLeu_BaEn_1	(E..[^P]L[LIVM])	0.000970028	23	4	ELME000523
TRG_DiLeu_BaEn_2	([^E]E...F[LIVM])	0.000245067	4	0	ELME000524
TRG_DiLeu_BaEn_3	(EE...[FIM][LIVM])	8.41071192962e-05	4	0	ELME000525
TRG_DiLeu_BaEn_4	(EE...L[^LIVMF])	0.000473147	4	0	ELME000526
TRG_DiLeu_BaLyEn_6	([^E]..[RP]L[LI])	0.001053467	18	1	ELME000528
TRG_DiLeu_LyEn_5	([E]..[RP]L[LI])	0.000102932	18	0	ELME000527
TRG_ENDOCYTIC_2	(Y..[LMVIF])	0.002587492	15	1	ELME000120
TRG_ER_diArg_1	(([LIVMFYWPR]R[^YFWDE]{0,1}R)|(R[^YFWDE]{0,1}R[LIVMFYWPR]))	0.005369273	27	0	ELME000012
TRG_ER_diLys_1	(K.{0,1}K.{2,3}$)	2.6774732737e-05	14	0	ELME000011
TRG_ER_FFAT_1	([EDS].{0,4}[ED][FY][FYKREM][DE][AC].{1,2}[EDST])	1.03393631344e-05	29	2	ELME000253
TRG_ER_FFAT_2	([EDS].{0,4}[EDSQN][FY][FYMITH]([ST])[ACP].{1,2}[EDST])	3.81957554975e-05	7	0	ELME000449
TRG_ER_KDEL_1	([KRHQSAP][DENQT]EL$)	1.6136621632e-06	13	0	ELME000010
TRG_Golgi_diPhe_1	(Q.{6,6}FF.{6,7}$)	6.80087093985e-08	11	0	ELME000132
TRG_LysEnd_GGAAcLL_1	(D..LL.{1,2}$)	9.58549884391e-07	6	3	ELME000131
TRG_LysEnd_GGAAcLL_2	(S[LW]LD[DE]EL[LM])	2.54795784867e-09	4	0	ELME000187
TRG_NES_CRM1_1	(([DEQ].{0,1}[LIM].{2,3}[LIVMF][^P]{2,3}[LMVF].[LMIV].{0,3}[DE])|([DE].{0,1}[LIM].{2,3}[LIVMF][^P]{2,3}[LMVF].[LMIV].{0,3}[DEQ]))	0.000762614	18	3	ELME000193
TRG_NESrev_CRM1_2	([FLIM].[VLIMF]..[FLIMVY][^P][^P][^P][LVIM][^P][^P][LVIMA])	0.000118918	2	2	ELME000548
TRG_NLS_Bipartite_1	([KR][KR].{7,15}[^DE]((K[RK])|(RK))(([^DE][KR])|([KR][^DE]))[^DE])	0.000258797	11	4	ELME000276
TRG_NLS_MonoCore_2	([^DE]((K[RK])|(RK))[KRP][KR][^DE])	0.000234485	18	1	ELME000270
TRG_NLS_MonoExtC_3	([^DE]((K[RK])|(RK))(([^DE][KR])|([KR][^DE]))(([PKR])|([^DE][DE])))	0.000725182	23	2	ELME000278
TRG_NLS_MonoExtN_4	((([PKR].{0,1}[^DE])|([PKR]))((K[RK])|(RK))(([^DE][KR])|([KR][^DE]))[^DE])	0.001276388	28	2	ELME000271
TRG_Oom_RxLR_1	(((R)|(K.)).LR)	0.000582804	5	0	ELME000546
TRG_Pf-PMV_PEXEL_1	((R.[LI].[EDQ])|(R.L..[EDQ])|(K.L.E))	0.002160509	24	0	ELME000462
TRG_PTS1	((.[SAPTC][KRH][LMFI]$)|([KRH][SAPTC][NTS][LMFI]$))	1.51919053984e-05	5	1	ELME000009
TRG_PTS2	(^.{1,40}R[^P][^P][^P][LIV][^P][^P][HQ][LIF])	3.93913953465e-06	2	2	ELME000069